PassengerId,Survived,Pclass,Name,Sex,Age,SibSp,Parch,Ticket,Fare,Cabin,Embarked
1,0,2,108,1,-0.5614970491194408,1,0,523,-0.5024451714361923,0,2
2,1,0,190,0,0.613166455183488,1,0,596,0.7868452935884461,1,0
3,1,2,353,0,-0.26783117304370857,0,0,669,-0.4888542575852486,0,2
4,1,0,272,0,0.3929170481266889,1,0,49,0.4207302360686478,1,2
5,0,2,15,1,0.3929170481266889,0,0,472,-0.4863374216869257,0,2
6,0,2,554,1,-0.4201851513421337,0,0,275,-0.47811642890864375,0,1
7,0,0,515,1,1.7878299594864169,0,0,85,0.395813560675251,1,2
8,0,2,624,1,-2.029826429498102,3,1,395,-0.22408312108167944,0,2
9,1,2,412,0,-0.19441470402477554,0,2,344,-0.4242561406845337,0,2
10,1,1,576,0,-1.1488288012709051,1,0,132,-0.04295550208861426,0,0
11,1,2,727,0,-1.8829934914602358,1,1,616,-0.312172377522981,1,2
12,1,0,95,0,2.081495835562149,0,0,38,-0.11384570873513637,1,2
13,0,2,729,1,-0.7083299871573069,0,0,535,-0.4863374216869257,0,2
14,0,2,28,1,0.6865829242024211,1,5,333,-0.01870931177853076,0,2
15,0,2,840,0,-1.1488288012709051,0,0,413,-0.4902797934380587,0,2
16,1,1,359,0,1.8612464285053498,0,0,153,-0.3262666585535892,0,2
17,0,2,682,1,-2.029826429498102,4,1,480,-0.06199888922968463,0,1
18,1,1,867,1,0.1747361453934373,0,0,151,-0.3866707201133388,0,2
19,0,2,839,0,0.09925117205095665,1,0,301,-0.2859972841804228,0,2
20,1,2,512,0,-0.018567248303348653,0,0,184,-0.5029485386158568,0,0
21,0,1,273,1,0.3929170481266889,0,0,139,-0.12491978668775715,0,2
22,1,1,80,1,0.3195005791077558,0,0,152,-0.3866707201133388,1,2
23,1,2,523,0,-1.0754123322519722,0,0,278,-0.4867562231804066,0,1
24,1,0,765,1,-0.12099823500584249,0,0,42,0.06635974158478332,1,2
25,0,2,626,0,-1.5893276153845035,3,1,395,-0.22408312108167944,0,2
26,1,2,44,0,0.613166455183488,1,5,329,-0.016444159470040135,0,2
27,0,2,240,1,-0.018567248303348653,0,0,179,-0.5029485386158568,0,0
28,0,0,260,1,-0.78174645617624,3,2,95,4.647001076532463,1,2
29,1,2,605,0,-0.5262276929709354,0,0,283,-0.48977642625839407,0,1
30,0,2,813,1,-0.1321591105287317,0,0,362,-0.4894421904510968,0,2
31,0,0,828,1,0.7599993932213541,0,0,598,-0.09027201697708476,0,0
32,1,0,776,0,0.5015848018274074,1,0,586,2.301728820789,1,0
33,1,2,289,0,0.4221131225348746,0,0,288,-0.49237782784290063,0,1
34,0,1,856,1,2.6688275877136136,0,0,549,-0.43700743807979686,0,2
35,0,0,535,1,-0.12099823500584249,1,0,600,1.0060617003323709,0,0
36,0,0,372,1,0.9068323312592202,1,0,43,0.39858208016340624,0,2
37,1,2,505,1,-0.5034964193412496,0,0,202,-0.5028639729296732,0,0
38,0,2,134,1,-0.6349135181383738,0,0,514,-0.4863374216869257,0,2
39,0,2,837,0,-0.855162925195173,2,0,302,-0.2859972841804228,0,2
40,1,2,589,0,-1.1488288012709051,1,0,186,-0.42207354059350805,0,0
41,0,2,7,0,0.7599993932213541,1,0,507,-0.4576454924460446,0,2
42,0,1,827,0,-0.19441470402477554,1,0,53,-0.22559322262067316,0,2
43,0,2,446,1,-0.1321591105287317,0,0,391,-0.4894421904510968,0,0
44,1,1,456,0,-1.9564099604791687,1,2,634,0.18876253192945994,0,0
45,1,2,212,0,-0.78174645617624,0,0,282,-0.48977642625839407,0,1
46,0,2,697,1,0.07725570924460567,0,0,617,-0.4863374216869257,0,2
47,0,2,473,1,0.27488737196427376,1,0,462,-0.3363340021468808,0,1
48,1,2,604,0,0.4221131225348746,0,0,76,-0.49237782784290063,0,1
49,0,2,726,1,-0.4595611224047991,2,0,190,-0.21191774308354583,0,0
50,0,2,38,0,-0.855162925195173,1,0,377,-0.29002422161773944,0,2
51,0,2,629,1,-1.6627440844034365,4,1,249,0.1506737441786005,0,2
52,0,2,594,1,-0.6349135181383738,0,0,522,-0.4913710934835715,0,2
53,1,0,333,0,1.4207476143917515,1,0,587,0.8964967865378598,1,0
54,1,1,246,0,-0.04758176598690945,1,0,239,-0.12491978668775715,0,2
55,0,0,620,1,2.59541111869468,0,1,29,0.5995101505357573,1,0
56,1,0,873,1,1.0576074714817283,0,0,94,0.06635974158478332,1,2
57,1,1,707,0,-0.6349135181383738,0,0,555,-0.43700743807979686,0,2
58,0,2,595,1,-0.08429000049637597,0,0,215,-0.5028639729296732,0,0
59,1,1,853,0,-1.8095770224413026,1,2,561,-0.08968408411123653,0,2
60,0,2,299,1,-1.3690782083277044,5,2,566,0.2958951755118318,0,2
61,0,2,749,1,-0.5614970491194408,0,0,197,-0.5028639729296732,0,0
62,1,0,385,0,0.613166455183488,0,0,32,0.962353321387736,1,2
63,0,0,337,1,1.1270817383160194,1,0,457,1.0323213593611125,1,2
64,0,2,755,1,-1.8829934914602358,3,2,337,-0.08666388103324908,0,2
65,0,0,784,1,0.8611993219732547,0,0,601,-0.09027201697708476,0,0
66,1,2,560,1,-0.846200976822032,1,1,189,-0.3414522396297103,0,0
67,1,1,596,0,-0.04758176598690945,0,0,553,-0.43700743807979686,1,2
68,0,2,185,1,-0.78174645617624,0,0,623,-0.4841568350646187,0,2
69,1,2,25,0,-0.9285793942141061,4,2,248,-0.4888542575852486,0,2
70,0,2,440,1,-0.26783117304370857,2,0,270,-0.47400492578514347,0,2
71,0,1,396,1,0.17266764106988972,0,0,557,-0.43700743807979686,0,2
72,0,2,300,0,-1.001995863233039,5,2,566,0.2958951755118318,0,2
73,0,1,376,1,-0.6349135181383738,0,0,621,0.8314778546749452,0,2
74,0,2,161,1,-0.26783117304370857,1,0,204,-0.3573908580066095,0,0
75,1,2,87,1,0.17266764106988972,0,0,80,0.48910360681684706,0,2
76,0,2,546,1,-0.34124764206264163,0,0,347,-0.494391296561559,1,2
77,0,2,778,1,-0.1321591105287317,0,0,355,-0.4894421904510968,0,2
78,0,2,563,1,0.07725570924460567,0,0,473,-0.4863374216869257,0,2
79,1,1,127,1,-2.1157236982502536,0,2,158,-0.06451572512800753,0,2
80,1,2,223,0,0.025834703032023607,0,0,432,-0.397241430886295,0,2
81,0,2,842,1,-0.5614970491194408,0,0,304,-0.46720946885967163,0,2
82,1,2,737,1,-0.04758176598690945,0,0,311,-0.45714212526638004,0,2
83,1,2,519,0,-0.4600621033220829,0,0,280,-0.49162277707340374,0,1
84,0,0,141,1,-0.12099823500584249,0,0,25,0.29992211294914856,0,2
85,1,1,386,0,-0.9285793942141061,0,0,637,-0.43700743807979686,0,2
86,1,2,52,0,0.24608411008882275,3,0,247,-0.32928686163157667,0,2
87,0,2,255,1,-1.001995863233039,1,3,676,0.04370821849987721,0,2
88,0,2,764,1,0.07725570924460567,0,0,652,-0.4863374216869257,0,2
89,1,0,259,0,-0.48808058010050775,3,2,95,4.647001076532463,1,2
90,0,2,149,1,-0.4146641110815747,0,0,297,-0.4863374216869257,0,2
91,0,2,159,1,-0.04758176598690945,0,0,298,-0.4863374216869257,0,2
92,0,2,31,1,-0.7083299871573069,0,0,341,-0.4902797934380587,0,2
93,0,0,150,1,1.2004982073349524,1,0,678,0.5833178351003071,1,2
94,0,2,209,1,-0.26783117304370857,1,2,548,-0.23415046467497105,0,2
95,0,2,184,1,2.154912304581082,0,0,428,-0.5024451714361923,0,2
96,0,2,740,1,0.07725570924460567,0,0,475,-0.4863374216869257,0,2
97,0,0,292,1,3.035909932808279,0,0,607,0.0493298231623713,1,0
98,1,0,308,1,-0.48808058010050775,0,1,612,0.6272778976347743,1,0
99,1,1,219,0,0.3195005791077558,0,1,117,-0.18532384824750675,0,2
100,0,1,422,1,0.3195005791077558,1,0,150,-0.12491978668775715,0,2
101,0,2,656,0,-0.12099823500584249,0,0,384,-0.4894421904510968,0,2
102,0,2,658,1,-0.1321591105287317,0,0,361,-0.4894421904510968,0,2
103,0,0,858,1,-0.6349135181383738,0,1,417,0.907737982394129,1,2
104,0,2,405,1,0.24608411008882275,0,0,505,-0.4741720436887921,0,2
105,0,2,312,1,0.5397499861645549,2,0,245,-0.4888542575852486,0,2
106,0,2,542,1,-0.12099823500584249,0,0,354,-0.4894421904510968,0,2
107,1,2,724,0,-0.6349135181383738,0,0,296,-0.494391296561559,0,2
108,1,2,559,1,-0.14927553180409667,0,0,254,-0.4918744606632361,0,2
109,0,2,675,1,0.613166455183488,0,0,388,-0.4894421904510968,0,2
110,1,2,552,0,0.2675518655118644,1,0,469,-0.1621689579829361,0,1
111,0,0,667,1,1.2739146763538856,0,0,2,0.39858208016340624,1,2
112,0,2,882,0,-1.1121205667614387,1,0,193,-0.3573908580066095,0,0
113,0,2,67,1,-0.5614970491194408,0,0,274,-0.4863374216869257,0,2
114,0,2,417,0,-0.7083299871573069,1,0,491,-0.4505983519307405,0,2
115,0,2,46,0,-0.9285793942141061,0,0,176,-0.3573083057891445,0,0
116,0,2,645,1,-0.6349135181383738,0,0,666,-0.4888542575852486,0,2
117,0,2,178,1,2.9992016982988123,0,0,460,-0.49237782784290063,0,1
118,0,1,826,1,-0.04758176598690945,1,0,53,-0.22559322262067316,0,2
119,0,0,70,1,-0.4146641110815747,0,1,585,4.335332226633905,1,0
120,0,2,24,0,-2.029826429498102,4,2,333,-0.01870931177853076,0,2
121,0,1,362,1,-0.6349135181383738,2,0,621,0.8314778546749452,0,2
122,0,2,551,1,0.07725570924460567,0,0,540,-0.4863374216869257,0,2
123,0,1,575,1,0.20937587557935622,1,0,132,-0.04295550208861426,0,0
124,1,1,848,0,0.20937587557935622,0,0,219,-0.3866707201133388,1,2
125,0,0,857,1,1.7878299594864169,0,1,417,0.907737982394129,1,2
126,1,2,588,1,-1.2956617393087713,1,0,186,-0.42207354059350805,0,0
127,0,2,525,1,0.4221131225348746,0,0,463,-0.49237782784290063,0,1
128,1,2,499,1,-0.4146641110815747,0,0,541,-0.5046257580584992,0,2
129,1,2,653,0,-0.27993003233691255,1,1,196,-0.19824427701513722,1,0
130,0,2,234,1,1.1270817383160194,0,0,318,-0.5079822104125026,0,2
131,0,2,225,1,0.24608411008882275,0,0,380,-0.4894421904510968,0,0
132,0,2,165,1,-0.7083299871573069,0,0,640,-0.5064721088735089,0,2
133,0,2,695,0,1.2739146763538856,1,0,537,-0.35646868933346404,0,2
134,1,1,851,0,-0.04758176598690945,1,0,111,-0.12491978668775715,0,2
135,0,1,772,1,-0.34124764206264163,0,0,552,-0.3866707201133388,0,2
136,0,1,685,1,-0.48808058010050775,0,0,630,-0.3454791770670269,0,0
137,1,0,585,0,-0.78174645617624,0,2,55,-0.11921562980779811,1,2
138,0,0,271,1,0.5397499861645549,1,0,49,0.4207302360686478,1,2
139,0,2,618,1,-1.001995863233039,0,0,504,-0.4628462821463391,0,2
140,0,0,282,1,-0.4146641110815747,0,0,592,0.9462455716384695,1,0
141,0,2,99,0,-0.2902452210351885,0,2,203,-0.3414522396297103,0,0
142,1,2,597,0,-0.5614970491194408,0,0,332,-0.49237782784290063,0,2
143,1,2,319,0,-0.4146641110815747,1,0,668,-0.32928686163157667,0,2
144,0,2,116,1,-0.78174645617624,0,0,438,-0.5125125150294839,0,1
145,0,1,32,1,-0.855162925195173,0,0,118,-0.41687275089321363,0,2
146,0,1,586,1,-0.78174645617624,1,1,558,0.09152810056801232,0,2
147,1,2,29,1,-0.19441470402477554,0,0,405,-0.49145565916975514,0,2
148,0,2,254,0,-1.5159111463655706,2,2,676,0.04370821849987721,0,2
149,0,1,580,1,0.5030417516550885,0,2,113,-0.12491978668775715,1,2
150,0,1,121,1,0.9068323312592202,0,0,147,-0.3866707201133388,0,2
151,0,1,68,1,1.5675805524296176,0,0,622,-0.39623469652696586,0,2
152,1,0,643,0,-0.5614970491194408,1,0,36,0.6925485130875209,1,2
153,0,2,532,1,1.8979546630148163,0,0,516,-0.4863374216869257,0,2
154,0,2,889,1,0.7967076277308206,0,2,538,-0.35646868933346404,0,2
155,0,2,612,1,-0.004827453176007473,0,0,573,-0.5011867534870308,0,2
156,0,0,866,1,1.5675805524296176,0,1,595,0.5874293382238074,0,0
157,1,2,287,0,-1.001995863233039,0,0,418,-0.49271407711891657,0,1
158,0,2,181,1,0.025834703032023607,0,0,654,-0.4863374216869257,0,2
159,0,2,767,1,-0.2926419024367039,0,0,258,-0.47400492578514347,0,2
160,0,2,716,1,-1.373340770637745,8,2,568,0.7519458402879414,0,2
161,0,2,186,1,1.0536652692970863,0,1,470,-0.32425318983493084,0,2
162,1,1,847,0,0.7599993932213541,0,0,559,-0.331300330350235,0,2
163,0,2,82,1,-0.26783117304370857,0,0,323,-0.4918744606632361,0,2
164,0,2,129,1,-0.9285793942141061,0,0,265,-0.47400492578514347,0,2
165,0,2,628,1,-2.103242898517035,4,1,249,0.1506737441786005,0,2
166,1,2,293,1,-1.5159111463655706,0,2,423,-0.2351571990343002,0,2
167,1,0,157,0,-0.29007380470373745,0,1,28,0.4589861417231558,1,2
168,0,2,760,0,1.1270817383160194,1,4,337,-0.08666388103324908,0,2
169,0,0,69,1,1.4580842230591564,0,0,576,-0.12642988822675086,0,2
170,0,2,486,1,-0.12099823500584249,0,0,80,0.48910360681684706,0,2
171,0,0,832,1,2.301745242618948,0,0,5,0.026090367211616904,1,2
172,0,2,680,1,-1.8829934914602358,4,1,480,-0.06199888922968463,0,1
173,1,2,408,0,-2.103242898517035,1,1,344,-0.4242561406845337,0,2
174,0,2,752,1,-0.6349135181383738,0,0,659,-0.4888542575852486,0,2
175,0,0,769,1,1.934662897524283,0,0,90,-0.030371322596999754,1,0
176,0,2,444,1,-0.855162925195173,1,1,412,-0.4902797934380587,0,2
177,0,2,464,1,-1.6367599909999326,3,1,488,-0.13565761536436197,0,2
178,0,0,388,0,1.4941640834106846,0,0,593,-0.07030444769415023,1,0
179,0,1,320,1,0.025834703032023607,0,0,169,-0.3866707201133388,0,2
180,0,2,474,1,0.46633351714562193,0,0,574,-0.6484216535389205,0,2
181,0,2,717,0,-1.373340770637745,8,2,568,0.7519458402879414,0,2
182,0,1,650,1,0.11536853421624677,0,0,629,-0.34539461138084326,0,0
183,0,2,41,1,-1.5159111463655706,4,2,329,-0.016444159470040135,0,2
184,1,1,76,1,-2.103242898517035,2,1,114,0.13683114673782454,1,2
185,1,2,441,0,-1.8829934914602358,0,2,271,-0.20495516825442542,0,2
186,0,0,700,1,1.1895418481405768,0,0,34,0.3583127057902398,1,2
187,1,2,601,0,0.27488737196427376,1,0,459,-0.3363340021468808,0,1
188,1,0,698,1,1.1270817383160194,0,0,11,-0.11384570873513637,0,2
189,0,2,101,1,0.7599993932213541,1,1,435,-0.3363340021468808,0,1
190,0,2,823,1,0.46633351714562193,0,0,386,-0.4894421904510968,0,2
191,1,1,664,0,0.17266764106988972,0,0,122,-0.3866707201133388,0,2
192,0,1,136,1,-0.78174645617624,0,0,227,-0.3866707201133388,0,2
193,1,2,20,0,-0.78174645617624,1,0,406,-0.4902797934380587,0,2
194,1,1,579,1,-1.9564099604791687,1,1,113,-0.12491978668775715,1,2
195,1,0,113,0,1.0536652692970863,0,0,604,-0.09027201697708476,1,0
196,1,0,495,0,2.081495835562149,0,0,586,2.301728820789,1,0
197,0,2,533,1,0.4221131225348746,0,0,452,-0.49237782784290063,0,1
198,0,2,611,1,0.9068323312592202,0,1,494,-0.47920571548543794,0,2
199,1,2,497,0,0.4221131225348746,0,0,461,-0.49237782784290063,0,1
200,0,1,881,0,-0.4146641110815747,0,0,160,-0.3866707201133388,0,2
201,0,2,834,1,-0.12099823500584249,0,0,306,-0.45714212526638004,0,2
202,0,2,721,1,-1.373340770637745,8,2,568,0.7519458402879414,0,2
203,0,2,403,1,0.3195005791077558,0,0,242,-0.5176307525123133,0,2
204,0,2,878,1,1.163789972825486,0,0,177,-0.5029485386158568,0,0
205,1,2,166,1,-0.855162925195173,0,0,530,-0.4863374216869257,0,2
206,0,2,789,0,-2.029826429498102,0,1,316,-0.43776248884929375,1,2
207,0,2,51,1,0.17266764106988972,1,0,247,-0.32928686163157667,0,2
208,1,2,9,1,-0.26783117304370857,0,0,216,-0.2701412180209885,0,0
209,1,2,140,0,-1.001995863233039,0,0,445,-0.49237782784290063,0,1
210,1,0,94,1,0.7599993932213541,0,0,17,-0.024246350754841113,1,0
211,0,2,12,1,-0.4146641110815747,0,0,642,-0.5064721088735089,0,2
212,1,1,131,0,0.3929170481266889,0,0,570,-0.22559322262067316,0,2
213,0,2,649,1,-0.5614970491194408,0,0,526,-0.5024451714361923,0,2
214,0,1,288,1,0.025834703032023607,0,0,163,-0.3866707201133388,0,2
215,0,2,437,1,0.09464617259363287,1,0,443,-0.49237782784290063,0,1
216,1,0,582,0,0.09925117205095665,1,0,416,1.6323350375212924,1,0
217,1,2,375,0,-0.19441470402477554,0,0,670,-0.4888542575852486,0,2
218,0,1,390,1,0.9068323312592202,1,0,142,-0.10478509950117394,0,2
219,1,0,72,0,0.17266764106988972,0,0,63,0.8876878608937296,1,0
220,0,1,338,1,0.025834703032023607,0,0,679,-0.43700743807979686,0,2
221,1,2,791,1,-1.001995863233039,0,0,653,-0.4863374216869257,0,2
222,0,1,105,1,-0.19441470402477554,0,0,105,-0.3866707201133388,0,2
223,0,2,306,1,1.5675805524296176,0,0,102,-0.4863374216869257,0,2
224,0,2,581,1,-0.1321591105287317,0,0,375,-0.4894421904510968,0,2
225,1,0,379,1,0.613166455183488,1,0,93,1.163700193253568,1,2
226,0,2,83,1,-0.5614970491194408,0,0,615,-0.4601623283443675,0,2
227,1,1,531,1,-0.78174645617624,0,0,672,-0.43700743807979686,0,2
228,0,2,492,1,-0.6716217526478404,0,0,525,-0.5024451714361923,0,2
229,0,1,243,1,-0.855162925195173,0,0,125,-0.3866707201133388,0,2
230,0,2,467,0,-1.6367599909999326,3,1,488,-0.13565761536436197,0,2
231,1,0,339,0,0.3929170481266889,1,0,457,1.0323213593611125,1,2
232,0,2,460,1,-0.04758176598690945,0,0,322,-0.4918744606632361,0,2
233,0,1,754,1,2.154912304581082,0,0,128,-0.3766033765200472,0,2
234,1,2,43,0,-1.8095770224413026,4,2,329,-0.016444159470040135,0,2
235,0,1,479,1,-0.4146641110815747,0,0,554,-0.43700743807979686,0,2
236,0,2,329,0,0.111964107667169,0,0,677,-0.49640476528021726,0,2
237,0,1,370,1,1.0536652692970863,1,0,198,-0.12491978668775715,0,2
238,1,1,172,0,-1.5893276153845035,0,2,556,-0.11988611489111134,0,2
239,0,1,648,1,-0.78174645617624,0,0,231,-0.43700743807979686,0,2
240,0,1,383,1,0.24608411008882275,0,0,636,-0.4012683683236117,0,2
241,0,2,883,0,-0.6489191517129483,1,0,193,-0.3573908580066095,0,0
242,1,2,567,0,0.27488737196427376,1,0,444,-0.3363340021468808,0,1
243,0,1,169,1,-0.04758176598690945,0,0,674,-0.43700743807979686,0,2
244,0,2,500,1,-0.5614970491194408,0,0,658,-0.5049620073345151,0,2
245,0,2,47,1,0.025834703032023607,0,0,213,-0.5029485386158568,0,0
246,0,0,539,1,1.0536652692970863,2,0,92,1.163700193253568,1,1
247,0,2,481,0,-0.34124764206264163,0,0,325,-0.4918744606632361,0,2
248,1,1,322,0,-0.4146641110815747,0,2,166,-0.35646868933346404,0,2
249,1,0,78,1,0.5397499861645549,1,1,54,0.40974072380221066,1,2
250,0,1,147,1,1.7878299594864169,1,0,144,-0.12491978668775715,0,2
251,0,2,673,1,-0.004827453176007473,0,0,422,-0.5024451714361923,0,2
252,0,2,790,0,-0.04758176598690945,1,1,316,-0.43776248884929375,1,2
253,0,0,782,1,2.3751617116378814,0,0,31,-0.11384570873513637,1,2
254,0,2,487,1,0.025834703032023607,1,0,536,-0.32425318983493084,0,2
255,0,2,702,0,0.8334158622402872,0,2,458,-0.2414492887801075,0,2
256,1,2,819,0,-0.04758176598690945,0,2,185,-0.3414522396297103,0,0
257,1,0,808,0,0.3936312854895722,0,0,589,0.9462455716384695,0,0
258,1,0,156,0,0.025834703032023607,0,0,0,1.093228788100527,1,2
259,1,0,844,0,0.3929170481266889,0,0,608,9.667166525013505,0,0
260,1,1,636,0,1.4941640834106846,0,1,115,-0.12491978668775715,0,2
261,0,2,771,1,0.4221131225348746,0,0,482,-0.49237782784290063,0,1
262,1,2,42,1,-1.9564099604791687,4,2,329,-0.016444159470040135,0,2
263,0,0,799,1,1.6409970214485508,1,1,1,0.955306180872432,1,2
264,0,0,340,1,0.7599993932213541,0,0,16,-0.6484216535389205,1,2
265,0,2,356,0,0.4221131225348746,0,0,478,-0.49237782784290063,0,1
266,0,1,674,1,0.46633351714562193,0,0,546,-0.43700743807979686,0,2
267,0,2,631,1,-1.001995863233039,4,1,249,0.1506737441786005,0,2
268,1,2,652,1,-0.34124764206264163,1,0,334,-0.4918744606632361,0,2
269,1,0,305,0,2.081495835562149,0,1,588,2.441497778832105,1,2
270,1,0,91,0,0.3929170481266889,0,0,613,2.0825124140450755,1,2
271,0,0,125,1,0.5222062760204157,0,0,47,-0.024246350754841113,0,2
272,1,2,817,1,-0.34124764206264163,0,0,574,-0.6484216535389205,0,2
273,1,1,530,0,0.8334158622402872,0,1,162,-0.255795253400548,0,2
274,0,0,577,1,0.5397499861645549,0,1,594,-0.05042144409739929,1,0
275,1,2,350,0,0.4221131225348746,0,0,465,-0.49237782784290063,0,1
276,1,0,33,0,2.4485781806568143,1,0,71,0.921244330558889,1,2
277,0,2,482,0,1.1270817383160194,0,0,326,-0.49237782784290063,0,2
278,0,1,634,1,0.3933968274257805,0,0,135,-0.6484216535389205,0,2
279,0,2,681,1,-1.6627440844034365,4,1,480,-0.06199888922968463,0,1
280,1,2,2,0,0.3929170481266889,1,1,551,-0.24069423801061057,0,2
281,0,2,227,1,2.59541111869468,0,0,290,-0.49237782784290063,0,1
282,0,2,614,1,-0.12099823500584249,0,0,340,-0.4902797934380587,0,2
283,0,2,887,1,-1.001995863233039,0,0,310,-0.45714212526638004,0,2
284,1,2,221,1,-0.78174645617624,0,0,533,-0.4863374216869257,0,2
285,0,0,770,1,2.051885968398527,0,0,24,-0.12491978668775715,1,2
286,0,2,779,1,0.24608411008882275,0,0,378,-0.47400492578514347,0,0
287,1,2,886,1,0.025834703032023607,0,0,308,-0.45714212526638004,0,2
288,0,2,570,1,-0.5614970491194408,0,0,353,-0.4894421904510968,0,2
289,1,1,378,1,0.9068323312592202,0,0,134,-0.3866707201133388,0,2
290,1,2,177,0,-0.5614970491194408,0,0,464,-0.49237782784290063,0,1
291,1,0,65,0,-0.26783117304370857,0,0,91,0.9391984311231651,0,2
292,1,0,90,0,-0.78174645617624,1,0,64,1.1854295476653287,1,0
293,0,1,477,1,0.46633351714562193,0,0,635,-0.3891875560116617,1,0
294,0,2,315,0,-0.4146641110815747,0,0,376,-0.4702296719376591,0,2
295,0,2,541,1,-0.4146641110815747,0,0,374,-0.4894421904510968,0,2
296,0,0,478,1,0.8611993219732547,0,0,606,-0.09027201697708476,0,0
297,0,2,324,1,-0.4513723455910412,0,0,212,-0.5028639729296732,0,0
298,0,0,17,0,-2.029826429498102,1,2,37,2.4029901895877646,1,2
299,1,0,714,1,0.8983265671870606,0,0,98,-0.034313694348132716,1,2
300,1,0,71,0,1.4941640834106846,0,1,585,4.335332226633905,1,0
301,1,2,431,0,0.4221131225348746,0,0,513,-0.49237782784290063,0,1
302,1,2,518,1,-0.4728488914933176,2,0,441,-0.18029017645086096,0,1
303,0,2,411,1,-0.78174645617624,0,0,574,-0.6484216535389205,0,2
304,1,1,428,0,0.9021656658463673,0,0,109,-0.3997582667846179,1,1
305,0,2,868,1,0.07725570924460567,0,0,527,-0.4863374216869257,0,2
306,1,0,16,1,-2.1091162160385495,1,2,37,2.4029901895877646,1,2
307,1,0,248,0,-0.12887124816901938,0,0,83,1.5841789061771412,0,0
308,1,0,647,0,-0.9285793942141061,1,0,611,1.5442457810799908,1,0
309,0,1,3,1,0.025834703032023607,1,0,575,-0.16518916106092355,0,0
310,1,0,263,0,0.025834703032023607,0,0,584,0.49782998024351216,1,0
311,1,0,348,0,-0.4146641110815747,0,0,59,1.0259447039291216,1,0
312,1,0,710,0,-0.855162925195173,2,2,602,4.634416897040849,1,0
313,0,1,449,0,-0.26783117304370857,1,1,167,-0.12491978668775715,0,2
314,0,2,355,1,-0.12099823500584249,0,0,382,-0.4894421904510968,0,2
315,0,1,342,1,0.9802488002781533,1,1,571,-0.11988611489111134,0,2
316,1,2,590,0,-0.26783117304370857,0,0,343,-0.4902797934380587,0,2
317,1,1,423,0,-0.4146641110815747,1,0,150,-0.12491978668775715,0,2
318,0,1,555,1,1.7878299594864169,0,0,232,-0.36653603292675563,0,2
319,1,0,859,0,0.09925117205095665,0,2,453,2.671117778445337,1,2
320,1,0,775,0,0.7599993932213541,1,1,81,2.059693773056521,1,0
321,0,2,211,1,-0.5614970491194408,0,0,524,-0.5024451714361923,0,2
322,0,2,200,1,-0.19441470402477554,0,0,365,-0.4894421904510968,0,2
323,1,1,762,0,0.025834703032023607,0,0,124,-0.3997582667846179,0,1
324,1,1,128,0,-0.5614970491194408,1,1,158,-0.06451572512800753,0,2
325,0,2,722,1,-1.373340770637745,8,2,568,0.7519458402879414,0,2
326,1,0,877,0,0.46633351714562193,0,0,613,2.0825124140450755,1,0
327,0,2,598,1,2.301745242618948,0,0,299,-0.5228315422126077,0,2
328,1,1,60,0,0.46633351714562193,0,0,229,-0.3866707201133388,1,2
329,1,2,295,0,0.09925117205095665,1,1,423,-0.2351571990343002,0,2
330,1,0,363,0,-1.001995863233039,0,1,7,0.5189714017894245,1,0
331,1,2,517,0,-0.4728488914933176,2,0,441,-0.18029017645086096,0,1
332,0,0,637,1,1.163789972825486,0,0,20,-0.07458306872129913,1,2
333,0,0,304,1,0.613166455183488,0,1,588,2.441497778832105,1,2
334,0,2,838,1,-1.001995863233039,2,0,302,-0.2859972841804228,0,2
335,1,0,265,0,0.11041440836695965,1,0,605,2.042579288947925,0,2
336,0,2,210,1,-0.1321591105287317,0,0,370,-0.4894421904510968,0,2
337,0,0,642,1,-0.04758176598690945,1,0,36,0.6925485130875209,1,2
338,1,0,117,0,0.8334158622402872,0,0,81,2.059693773056521,1,0
339,1,2,192,1,1.1270817383160194,0,0,510,-0.4863374216869257,0,2
340,0,0,93,1,1.1270817383160194,0,0,39,0.06635974158478332,1,2
341,1,1,578,1,-2.029826429498102,1,1,113,-0.12491978668775715,1,2
342,1,0,258,0,-0.4146641110815747,3,2,95,4.647001076532463,1,2
343,0,1,170,1,-0.12099823500584249,0,0,159,-0.3866707201133388,0,2
344,0,1,733,1,-0.34124764206264163,0,0,149,-0.3866707201133388,0,2
345,0,1,262,1,0.46633351714562193,0,0,112,-0.3866707201133388,0,2
346,1,1,111,0,-0.4146641110815747,0,0,157,-0.3866707201133388,1,2
347,1,1,768,0,0.7599993932213541,0,0,257,-0.3866707201133388,0,2
348,1,2,207,0,-0.2095392541141808,1,0,483,-0.32425318983493084,0,2
349,1,2,183,1,-1.9564099604791687,1,1,562,-0.32828012727224753,0,2
350,0,2,215,1,0.9068323312592202,0,0,262,-0.47400492578514347,0,2
351,0,2,608,1,-0.48808058010050775,0,0,503,-0.4626791642426904,0,2
352,0,0,870,1,2.327806166308384,0,0,30,0.05629239799149171,1,2
353,0,2,237,1,-1.0754123322519722,1,1,214,-0.5028639729296732,0,0
354,0,2,37,1,-0.34124764206264163,1,0,377,-0.29002422161773944,0,2
355,0,2,879,1,-0.018567248303348653,0,0,182,-0.5029485386158568,0,0
356,0,2,835,1,-0.12099823500584249,0,0,314,-0.45714212526638004,0,2
357,1,0,104,0,-0.5614970491194408,0,1,28,0.4589861417231558,1,2
358,0,1,270,0,0.613166455183488,0,0,131,-0.3866707201133388,0,2
359,1,2,522,0,-0.5262276929709354,0,0,279,-0.48977642625839407,0,1
360,1,2,545,0,-0.5262276929709354,0,0,285,-0.48977642625839407,0,1
361,0,2,759,1,0.7599993932213541,1,4,337,-0.08666388103324908,0,2
362,0,1,888,1,-0.04758176598690945,1,0,633,-0.09027201697708476,0,0
363,0,2,64,0,1.1270817383160194,0,1,211,-0.3573908580066095,0,0
364,0,2,40,1,0.3929170481266889,0,0,641,-0.5064721088735089,0,2
365,0,2,599,1,0.27488737196427376,1,0,459,-0.3363340021468808,0,1
366,0,2,5,1,0.025834703032023607,0,0,544,-0.5024451714361923,0,2
367,1,0,845,0,2.228328773600015,1,0,4,0.8667135572514657,1,0
368,1,2,562,0,-0.5034964193412496,0,0,175,-0.5028639729296732,0,0
369,1,2,400,0,0.4221131225348746,0,0,78,-0.49237782784290063,0,1
370,1,0,48,0,-0.4146641110815747,0,0,581,0.7469121684912956,1,0
371,1,0,328,1,-0.34124764206264163,1,0,58,0.4678796330534696,1,0
372,0,2,863,1,-0.855162925195173,1,0,244,-0.5176307525123133,0,2
373,0,2,75,1,-0.78174645617624,0,0,273,-0.4863374216869257,0,2
374,0,0,690,1,-0.5614970491194408,0,0,613,2.0825124140450755,0,0
375,0,2,625,0,-1.9564099604791687,3,1,395,-0.22408312108167944,0,2
376,1,0,536,0,0.15271846362516228,1,0,600,1.0060617003323709,0,0
377,1,2,454,0,-0.5614970491194408,0,0,545,-0.5024451714361923,0,2
378,0,0,862,1,-0.19441470402477554,0,2,27,3.610064686423428,1,0
379,0,2,85,1,-0.7083299871573069,0,0,183,-0.5676312212027554,0,0
380,0,2,314,1,-0.78174645617624,0,0,324,-0.4918744606632361,0,2
381,1,0,86,0,0.9068323312592202,0,0,610,3.9327230485884233,0,0
382,1,2,572,0,-2.103242898517035,0,2,187,-0.33146744825388363,0,0
383,0,2,811,1,0.17266764106988972,0,0,665,-0.4888542575852486,0,2
384,1,0,373,0,0.3929170481266889,1,0,43,0.39858208016340624,0,2
385,0,2,665,1,-0.1321591105287317,0,0,371,-0.4894421904510968,0,2
386,0,1,205,1,-0.855162925195173,0,0,621,0.8314778546749452,0,2
387,0,2,298,1,-2.103242898517035,5,2,566,0.2958951755118318,0,2
388,1,1,118,0,0.46633351714562193,0,0,220,-0.3866707201133388,0,2
389,0,2,715,1,-0.7255016251264286,0,0,447,-0.49279662933638163,0,1
390,1,1,468,0,-0.9285793942141061,0,0,625,-0.40680540729992204,0,0
391,1,0,144,1,0.46633351714562193,1,2,33,1.7677408088510642,1,2
392,1,2,393,1,-0.6349135181383738,0,0,401,-0.49145565916975514,0,2
393,0,2,313,1,-0.12099823500584249,2,0,246,-0.4888542575852486,0,2
394,1,0,583,0,-0.48808058010050775,1,0,416,1.6323350375212924,1,0
395,1,2,728,0,-0.4146641110815747,0,2,616,-0.312172377522981,1,2
396,0,2,404,1,-0.5614970491194408,0,0,410,-0.49145565916975514,0,2
397,0,2,613,0,0.09925117205095665,0,0,414,-0.4902797934380587,0,2
398,0,1,524,1,1.2004982073349524,0,0,226,-0.12491978668775715,0,2
399,0,1,623,1,-0.48808058010050775,0,0,146,-0.43700743807979686,0,2
400,1,1,821,0,-0.12099823500584249,0,0,140,-0.393717860628643,0,2
401,1,2,592,1,0.6865829242024211,0,0,663,-0.4888542575852486,0,2
402,0,2,6,1,-0.26783117304370857,0,0,292,-0.4863374216869257,0,2
403,0,2,418,0,-0.6349135181383738,1,0,492,-0.4505983519307405,0,2
404,0,2,318,1,-0.12099823500584249,1,0,668,-0.32928686163157667,0,2
405,0,2,616,0,-0.7083299871573069,0,0,267,-0.47400492578514347,0,2
406,0,1,274,1,0.3195005791077558,1,0,230,-0.22559322262067316,0,2
407,0,2,861,1,1.5675805524296176,0,0,321,-0.49237782784290063,0,2
408,1,1,687,1,-1.9564099604791687,1,1,237,-0.2708962687904854,0,2
409,0,2,88,1,-0.6349135181383738,0,0,255,-0.4918744606632361,0,2
410,0,2,465,0,-1.6367599909999326,3,1,488,-0.13565761536436197,0,2
411,0,2,732,1,-0.1321591105287317,0,0,367,-0.4894421904510968,0,2
412,0,2,343,1,-0.6433815543028382,0,0,487,-0.5103319284071769,0,1
413,1,0,540,0,0.24608411008882275,1,0,92,1.163700193253568,1,1
414,0,1,191,1,0.3933968274257805,0,0,135,-0.6484216535389205,0,2
415,1,2,792,1,1.0536652692970863,0,0,655,-0.4888542575852486,0,2
416,0,2,528,0,0.07725570924460567,0,0,295,-0.4863374216869257,0,2
417,1,1,226,0,0.3195005791077558,1,1,224,0.005955680025033696,0,2
418,1,1,742,0,-0.855162925195173,0,2,168,-0.3866707201133388,0,2
419,0,1,513,1,0.025834703032023607,0,0,225,-0.3866707201133388,0,2
420,0,2,829,0,-1.4424946773466374,0,2,307,-0.1621689579829361,0,2
421,0,2,281,1,-0.1321591105287317,0,0,392,-0.4894421904510968,0,0
422,0,2,155,1,-0.6349135181383738,0,0,534,-0.49271407711891657,0,1
423,0,2,884,1,-0.04758176598690945,0,0,259,-0.4898609919445778,0,2
424,0,2,198,0,-0.12099823500584249,1,1,331,-0.35848215805212236,0,2
425,0,2,701,1,-0.855162925195173,1,1,458,-0.2414492887801075,0,2
426,0,2,872,1,-0.004827453176007473,0,0,521,-0.5024451714361923,0,2
427,1,1,162,0,-0.12099823500584249,1,0,100,-0.12491978668775715,0,2
428,1,1,662,0,-0.78174645617624,0,0,170,-0.12491978668775715,0,2
429,0,2,249,1,0.4221131225348746,0,0,437,-0.49237782784290063,0,1
430,1,2,663,1,0.17266764106988972,0,0,644,-0.4863374216869257,1,2
431,1,0,92,1,-0.12099823500584249,0,0,3,-0.11384570873513637,1,2
432,1,2,810,0,-0.2095392541141808,1,0,476,-0.32425318983493084,0,2
433,1,1,491,0,0.9068323312592202,1,0,627,-0.12491978668775715,0,2
434,0,2,420,1,-0.9285793942141061,0,0,657,-0.5049620073345151,0,2
435,0,0,744,1,1.4941640834106846,1,0,72,0.4771073601910807,1,2
436,1,0,143,0,-1.1488288012709051,1,2,33,1.7677408088510642,1,2
437,0,2,253,0,-0.6349135181383738,2,2,676,0.04370821849987721,0,2
438,1,1,688,0,-0.4146641110815747,2,3,237,-0.2708962687904854,0,2
439,0,0,261,1,2.5219946496757473,1,4,95,4.647001076532463,1,2
440,0,1,447,1,0.09925117205095665,0,0,547,-0.43700743807979686,0,2
441,1,1,344,0,1.1270817383160194,1,1,571,-0.11988611489111134,0,2
442,0,2,323,1,-0.7083299871573069,0,0,305,-0.45714212526638004,0,2
443,0,2,659,1,-0.34124764206264163,1,0,328,-0.4918744606632361,0,2
444,1,1,679,0,-0.12099823500584249,0,0,116,-0.3866707201133388,0,2
445,1,2,402,1,-0.4684483821160044,0,0,499,-0.48507900373776425,0,2
446,1,0,216,1,-1.8829934914602358,0,2,289,0.9997696105865636,1,2
447,1,1,529,0,-1.2222452702898383,0,1,162,-0.255795253400548,0,2
448,1,0,735,1,0.3195005791077558,0,0,45,-0.11384570873513637,0,2
449,1,2,55,0,-1.8095770224413026,2,1,194,-0.26066180729354516,0,0
450,1,0,661,1,1.6409970214485508,0,0,40,-0.034313694348132716,1,2
451,0,1,854,1,0.46633351714562193,1,2,561,-0.08968408411123653,0,2
452,0,2,316,1,-0.3957577970991492,1,0,497,-0.2463983948905696,0,2
453,0,0,257,1,0.025834703032023607,0,0,22,-0.08968408411123653,1,0
454,1,0,290,1,1.4207476143917515,1,0,84,1.145663540471827,1,0
455,0,2,644,1,0.07725570924460567,0,0,528,-0.4863374216869257,0,2
456,1,2,392,1,-0.04758176598690945,0,0,379,-0.4894421904510968,0,0
457,0,0,537,1,2.59541111869468,0,0,73,-0.11384570873513637,1,2
458,1,0,436,0,1.0632622674379943,1,0,86,0.395813560675251,1,2
459,1,1,815,0,1.4941640834106846,0,0,572,-0.43700743807979686,0,2
460,0,2,603,1,0.4221131225348746,0,0,468,-0.49237782784290063,0,1
461,1,0,21,1,1.3473311453728185,0,0,96,-0.11384570873513637,1,2
462,0,2,557,1,0.3195005791077558,0,0,429,-0.4863374216869257,0,2
463,0,0,280,1,1.2739146763538856,0,0,6,0.12676380314453292,1,2
464,0,1,538,1,1.3473311453728185,0,0,121,-0.3866707201133388,0,2
465,0,2,502,1,0.07725570924460567,0,0,539,-0.4863374216869257,0,2
466,0,2,296,1,0.613166455183488,0,0,639,-0.5064721088735089,0,2
467,0,1,132,1,0.3933968274257805,0,0,135,-0.6484216535389205,0,2
468,0,0,766,1,1.934662897524283,0,0,44,-0.11384570873513637,0,2
469,0,2,731,1,-0.7255016251264286,0,0,421,-0.4928811950225652,0,1
470,1,2,54,0,-2.1215970157717683,2,1,194,-0.26066180729354516,0,0
471,0,2,430,1,-0.004827453176007473,0,0,272,-0.5024451714361923,0,2
472,0,2,124,1,0.613166455183488,0,0,263,-0.47400492578514347,0,2
473,1,1,855,0,0.24608411008882275,1,2,561,-0.08968408411123653,0,2
474,1,1,401,0,-0.48808058010050775,0,0,628,-0.3707300882677209,1,0
475,0,2,787,0,-0.5614970491194408,0,0,509,-0.45034666834090825,0,2
476,0,0,164,1,1.0562719909500486,0,0,2,0.39858208016340624,1,2
477,0,1,676,1,0.3195005791077558,1,0,252,-0.22559322262067316,0,2
478,0,2,107,1,-0.04758176598690945,1,0,315,-0.5065566745596926,0,2
479,0,2,425,1,-0.5614970491194408,0,0,411,-0.4969926981460655,0,2
480,1,2,365,0,-2.029826429498102,0,1,251,-0.4010166847337793,0,2
481,0,2,297,1,-1.5159111463655706,5,2,566,0.2958951755118318,0,2
482,0,1,268,1,0.3933968274257805,0,0,136,-0.6484216535389205,0,2
483,0,2,706,1,1.4941640834106846,0,0,531,-0.4863374216869257,0,2
484,1,2,825,0,2.4485781806568143,0,0,489,-0.455380340137554,0,2
485,1,0,89,1,-0.34124764206264163,1,0,64,1.1854295476653287,1,0
486,0,2,466,0,-1.6367599909999326,3,1,488,-0.13565761536436197,0,2
487,1,0,381,0,0.3929170481266889,1,0,93,1.163700193253568,1,2
488,0,0,435,1,2.081495835562149,0,0,61,-0.05042144409739929,1,0
489,0,2,774,1,0.025834703032023607,0,0,517,-0.4863374216869257,0,2
490,1,2,182,1,-1.5159111463655706,1,1,562,-0.32828012727224753,0,2
491,0,2,317,1,-0.3957577970991492,1,0,498,-0.2463983948905696,0,2
492,0,2,871,1,-0.6349135181383738,0,0,649,-0.5024451714361923,0,2
493,0,0,547,1,1.8612464285053498,0,0,41,-0.034313694348132716,1,2
494,0,0,39,1,3.035909932808279,0,0,603,0.3483299278831318,0,0
495,0,2,781,1,-0.6349135181383738,0,0,518,-0.4863374216869257,0,2
496,0,2,880,1,-0.8429347276423625,0,0,176,-0.3573083057891445,0,0
497,1,0,242,0,1.7878299594864169,1,0,454,0.9274538680872313,1,0
498,0,2,738,1,-0.2866985937776657,0,0,564,-0.3443878770215141,0,2
499,0,0,18,0,-0.34124764206264163,1,2,37,2.4029901895877646,1,2
500,0,2,796,1,-0.4146641110815747,0,0,402,-0.49145565916975514,0,2
501,0,2,130,1,-0.9285793942141061,0,0,261,-0.47400492578514347,0,2
502,0,2,133,0,-0.6349135181383738,0,0,433,-0.49237782784290063,0,1
503,0,2,607,0,-0.2011273079201659,0,0,276,-0.4948100980550399,0,1
504,0,2,450,0,0.5397499861645549,0,0,490,-0.455380340137554,0,2
505,1,0,501,0,-1.001995863233039,0,0,0,1.093228788100527,1,2
506,0,0,646,1,-0.855162925195173,1,0,611,1.5442457810799908,1,0
507,1,1,670,0,0.24608411008882275,0,2,180,-0.12491978668775715,0,2
508,1,0,106,1,1.4930326872704698,0,0,10,-0.11384570873513637,0,2
509,0,2,610,1,-0.12099823500584249,0,0,542,-0.1948878246611338,0,2
510,1,2,455,1,-0.26783117304370857,0,0,80,0.48910360681684706,0,2
511,1,2,195,1,-0.04758176598690945,0,0,479,-0.49237782784290063,0,1
512,0,2,849,1,0.07725570924460567,0,0,648,-0.4863374216869257,0,2
513,1,0,521,1,0.46633351714562193,0,0,577,-0.11913106412161445,1,2
514,1,0,705,0,1.7878299594864169,1,0,599,0.5475787653441219,0,0
515,0,2,168,1,-0.4146641110815747,0,0,356,-0.4974960653257301,0,2
516,0,0,843,1,1.2739146763538856,0,0,456,0.036576512298389464,1,2
517,1,1,472,0,0.3195005791077558,0,0,560,-0.43700743807979686,1,2
518,0,2,709,1,0.3029378236970845,0,0,469,-0.1621689579829361,0,1
519,1,1,35,0,0.46633351714562193,1,0,110,-0.12491978668775715,0,2
520,0,2,641,1,0.17266764106988972,0,0,381,-0.4894421904510968,0,2
521,1,0,651,0,0.025834703032023607,0,0,67,1.2341715984066093,1,2
522,0,2,841,1,-0.5614970491194408,0,0,390,-0.4894421904510968,0,2
523,0,2,448,1,-0.018567248303348653,0,0,173,-0.5029485386158568,0,0
524,1,0,364,0,1.0536652692970863,0,1,7,0.5189714017894245,1,0
525,0,2,427,1,-0.5034964193412496,0,0,217,-0.5028639729296732,0,0
526,0,2,244,1,0.7967076277308206,0,0,446,-0.49237782784290063,0,1
527,1,1,689,0,1.4941640834106846,0,0,673,-0.43700743807979686,0,2
528,0,0,245,1,0.6455938103446858,0,0,583,3.817033162951754,1,2
529,0,2,725,1,0.6865829242024211,0,0,250,-0.4888542575852486,0,2
530,0,1,366,1,-0.48808058010050775,2,1,235,-0.41687275089321363,0,2
531,1,1,669,0,-2.029826429498102,1,1,180,-0.12491978668775715,0,2
532,0,2,818,1,-0.5034964193412496,0,0,181,-0.5028639729296732,0,0
533,0,2,236,1,-0.9285793942141061,1,1,210,-0.5028639729296732,0,0
534,1,2,654,0,-1.5673051218944576,0,2,196,-0.19824427701513722,0,0
535,0,2,123,0,0.025834703032023607,0,0,260,-0.47400492578514347,0,2
536,1,1,341,0,-1.6627440844034365,0,2,571,-0.11988611489111134,0,2
537,0,0,120,1,1.1270817383160194,0,0,21,-0.11384570873513637,1,2
538,1,0,461,0,0.025834703032023607,0,0,614,1.4944124302931971,0,0
539,0,2,692,1,-0.36781234257044204,0,0,426,-0.35646868933346404,0,2
540,1,0,266,0,-0.5614970491194408,0,2,75,0.3482453621969482,1,0
541,1,0,188,0,0.46633351714562193,0,2,680,0.7811411367084872,1,2
542,0,2,26,0,-1.5159111463655706,4,2,333,-0.01870931177853076,0,2
543,0,2,27,0,-1.3690782083277044,4,2,333,-0.01870931177853076,0,2
544,1,1,73,1,0.17266764106988972,1,0,233,-0.12491978668775715,0,2
545,0,0,222,1,1.4941640834106846,1,0,614,1.4944124302931971,1,0
546,0,0,587,1,2.5219946496757473,0,0,501,-0.12491978668775715,0,2
547,1,1,74,0,-0.78174645617624,1,0,233,-0.12491978668775715,0,2
548,1,1,622,1,0.184288889659481,0,0,631,-0.3693045524149108,0,0
549,0,2,294,1,0.24608411008882275,1,1,423,-0.2351571990343002,0,2
550,1,1,203,1,-1.5893276153845035,1,1,558,0.09152810056801232,0,2
551,1,0,804,1,-0.9285793942141061,0,2,83,1.5841789061771412,1,0
552,0,1,736,1,-0.19441470402477554,0,0,148,-0.12491978668775715,0,2
553,0,2,600,1,-0.2563686708705898,0,0,284,-0.49078316061772326,0,1
554,1,2,463,1,-0.5614970491194408,0,0,171,-0.5029485386158568,0,0
555,1,2,609,0,-0.5614970491194408,0,0,335,-0.4918744606632361,0,2
556,0,0,874,1,2.3751617116378814,0,0,52,-0.11384570873513637,0,2
557,1,0,228,0,1.3473311453728185,1,0,57,0.1489119590497745,1,0
558,0,0,693,1,0.6455938103446858,0,0,610,3.9327230485884233,0,0
559,1,0,800,0,0.6865829242024211,1,1,1,0.955306180872432,1,2
560,1,2,885,0,0.46633351714562193,1,0,300,-0.29807809649237277,0,2
561,0,2,558,1,0.4221131225348746,0,0,471,-0.49237782784290063,0,1
562,0,2,751,1,0.7599993932213541,0,0,389,-0.4894421904510968,0,2
563,0,1,593,1,-0.12099823500584249,0,0,103,-0.3766033765200472,0,2
564,0,2,746,1,0.07725570924460567,0,0,651,-0.4863374216869257,0,2
565,0,2,527,0,0.07725570924460567,0,0,645,-0.4863374216869257,0,2
566,0,2,204,1,-0.4146641110815747,2,0,519,-0.1621689579829361,0,2
567,0,2,786,1,-0.78174645617624,0,0,352,-0.4894421904510968,0,2
568,0,2,627,0,-0.04758176598690945,0,4,395,-0.22408312108167944,0,2
569,0,2,217,1,-0.5034964193412496,0,0,207,-0.5028639729296732,0,0
570,1,2,416,1,0.17266764106988972,0,0,415,-0.4902797934380587,0,2
571,1,1,336,1,2.3751617116378814,0,0,624,-0.43700743807979686,0,2
572,1,0,36,0,1.7144134904674837,2,0,60,0.38809593507663365,1,2
573,1,0,251,1,0.46633351714562193,0,0,578,-0.11711759540295616,1,2
574,1,2,432,0,0.4221131225348746,0,0,77,-0.49237782784290063,0,1
575,0,2,708,1,-1.001995863233039,0,0,520,-0.4863374216869257,0,2
576,0,2,639,1,-0.78174645617624,0,0,420,-0.35646868933346404,0,2
577,1,1,277,0,0.3195005791077558,0,0,143,-0.3866707201133388,0,2
578,1,0,745,0,0.6865829242024211,1,0,72,0.4771073601910807,1,2
579,0,2,135,0,-0.7062842168546313,1,0,209,-0.3573083057891445,0,0
580,1,2,419,1,0.17266764106988972,0,0,661,-0.4888542575852486,0,2
581,1,1,160,0,-0.34124764206264163,1,1,133,-0.04438103794142432,0,2
582,1,0,805,0,0.6865829242024211,1,1,83,1.5841789061771412,1,0
583,0,1,224,1,1.7878299594864169,0,0,226,-0.12491978668775715,0,2
584,0,0,703,1,0.46633351714562193,0,0,68,0.15948266982273065,1,0
585,0,2,640,1,-0.03829893548601553,0,0,291,-0.47299819142581434,0,0
586,1,0,798,0,-0.855162925195173,0,2,1,0.955306180872432,1,2
587,0,1,395,1,1.2739146763538856,0,0,129,-0.3464013457401724,0,2
588,1,0,267,1,2.228328773600015,1,1,74,0.9462455716384695,1,0
589,0,2,284,1,-0.5614970491194408,0,0,79,-0.4863374216869257,0,2
590,0,2,566,1,0.07725570924460567,0,0,515,-0.4863374216869257,0,2
591,0,2,691,1,0.3929170481266889,0,0,656,-0.5049620073345151,0,2
592,1,0,783,0,1.6409970214485508,1,0,454,0.9274538680872313,1,0
593,0,2,238,1,1.2739146763538856,0,0,532,-0.5024451714361923,0,2
594,0,2,100,0,-0.16311384085859845,0,2,434,-0.49237782784290063,0,1
595,0,1,154,1,0.5397499861645549,1,0,626,-0.12491978668775715,0,2
596,0,2,830,1,0.46633351714562193,1,1,307,-0.1621689579829361,0,2
597,1,1,470,0,-0.3784697186918758,0,0,155,0.016023023618325298,0,2
598,0,2,409,1,1.4207476143917515,0,0,574,-0.6484216535389205,0,2
599,0,2,98,1,-0.018567248303348653,0,0,192,-0.5029485386158568,0,0
600,1,0,229,1,1.4207476143917515,1,0,584,0.49782998024351216,1,0
601,1,1,391,0,-0.4146641110815747,2,1,142,-0.10478509950117394,0,2
602,0,2,761,1,-0.1321591105287317,0,0,360,-0.4894421904510968,0,2
603,0,0,335,1,0.5636066677722568,0,0,46,0.2052890831722074,0,2
604,0,2,816,1,1.0536652692970863,0,0,430,-0.4863374216869257,0,2
605,1,0,374,1,0.3929170481266889,0,0,9,-0.11384570873513637,0,0
606,0,2,483,1,0.46633351714562193,1,0,396,-0.3353272677875516,0,2
607,0,2,424,1,0.025834703032023607,0,0,385,-0.4894421904510968,0,2
608,1,0,199,1,-0.19441470402477554,0,0,50,-0.034313694348132716,0,2
609,1,1,458,0,-0.5614970491194408,1,2,634,0.18876253192945994,0,0
610,1,0,741,0,0.7599993932213541,0,0,588,2.441497778832105,1,2
611,0,2,30,0,0.6865829242024211,1,5,333,-0.01870931177853076,0,2
612,0,2,394,1,-0.12575733231548972,0,0,638,-0.5064721088735089,0,2
613,1,2,568,0,0.27488737196427376,1,0,444,-0.3363340021468808,0,1
614,0,2,377,1,0.4221131225348746,0,0,467,-0.49237782784290063,0,1
615,0,2,110,1,0.3929170481266889,0,0,431,-0.4863374216869257,0,2
616,1,1,357,0,-0.4146641110815747,1,2,106,0.6603330135889879,0,2
617,0,2,197,1,0.3195005791077558,1,1,331,-0.35848215805212236,0,2
618,0,2,488,0,-0.26783117304370857,1,0,536,-0.32425318983493084,0,2
619,1,1,77,0,-1.8829934914602358,2,1,114,0.13683114673782454,1,2
620,0,1,279,1,-0.26783117304370857,0,0,253,-0.43700743807979686,0,2
621,0,2,875,1,-0.19441470402477554,1,0,188,-0.3573908580066095,0,0
622,1,0,439,1,0.9068323312592202,1,0,56,0.40974072380221066,1,2
623,1,2,573,1,-0.7083299871573069,1,1,187,-0.33146744825388363,0,0
624,0,2,327,1,-0.6349135181383738,0,0,400,-0.4902797934380587,0,2
625,0,2,103,1,-0.6349135181383738,0,0,495,-0.32425318983493084,0,2
626,0,0,794,1,2.301745242618948,0,0,455,0.002347544081197954,1,2
627,0,1,442,1,2.008079366543216,0,0,104,-0.3997582667846179,0,1
628,1,0,490,0,-0.6349135181383738,0,0,71,0.921244330558889,1,2
629,0,2,96,1,-0.26783117304370857,0,0,369,-0.4894421904510968,0,2
630,0,2,602,1,-0.7255016251264286,0,0,286,-0.49271407711891657,0,1
631,1,0,66,1,3.6966581539786763,0,0,218,-0.04438103794142432,1,2
632,0,2,494,1,1.5675805524296176,0,0,345,-0.5063875431873253,0,2
633,1,0,777,1,0.17266764106988972,0,0,70,-0.034313694348132716,1,0
634,0,0,635,1,0.679969877488501,0,0,13,-0.6484216535389205,0,2
635,0,2,757,0,-1.5159111463655706,3,2,337,-0.08666388103324908,0,2
636,1,1,206,0,-0.12099823500584249,0,0,130,-0.3866707201133388,0,2
637,0,2,469,1,0.17266764106988972,0,0,664,-0.4888542575852486,0,2
638,0,1,173,1,0.09925117205095665,1,1,556,-0.11988611489111134,0,2
639,0,2,633,0,0.8334158622402872,0,5,249,0.1506737441786005,0,2
640,0,2,809,1,-0.2095392541141808,1,0,476,-0.32425318983493084,0,2
641,0,2,397,1,-0.7083299871573069,0,0,409,-0.4902797934380587,0,2
642,1,0,723,0,-0.4146641110815747,0,0,581,0.7469121684912956,1,0
643,0,2,758,0,-2.029826429498102,3,2,337,-0.08666388103324908,0,2
644,1,2,252,1,-0.006527159977442229,0,0,80,0.48910360681684706,0,2
645,1,2,53,0,-2.1215970157717683,2,1,194,-0.26066180729354516,0,0
646,1,0,332,1,1.3473311453728185,1,0,587,0.8964967865378598,1,0
647,0,2,180,1,-0.78174645617624,0,0,373,-0.4894421904510968,0,2
648,1,0,747,1,1.934662897524283,0,0,69,0.06635974158478332,1,0
649,0,2,865,1,0.111964107667169,0,0,620,-0.49640476528021726,0,2
650,1,2,780,0,-0.48808058010050775,0,0,567,-0.49640476528021726,0,2
651,0,2,544,1,-0.1321591105287317,0,0,366,-0.4894421904510968,0,2
652,1,1,218,0,-0.855162925195173,0,1,117,-0.18532384824750675,0,2
653,0,2,421,1,-0.6349135181383738,0,0,512,-0.47861979608830835,0,2
654,1,2,606,0,-0.2563686708705898,0,0,277,-0.49078316061772326,0,1
655,0,2,352,0,-0.855162925195173,0,0,439,-0.5125125150294839,0,1
656,0,1,360,1,-0.4146641110815747,2,0,621,0.8314778546749452,0,2
657,0,2,671,1,-0.1321591105287317,0,0,368,-0.4894421904510968,0,2
658,0,2,102,0,0.17266764106988972,1,1,435,-0.3363340021468808,0,1
659,0,1,232,1,-0.48808058010050775,0,0,241,-0.3866707201133388,0,2
660,0,0,584,1,2.081495835562149,0,2,416,1.6323350375212924,1,0
661,1,0,264,1,1.4941640834106846,2,0,605,2.042579288947925,0,2
662,0,2,57,1,0.7599993932213541,0,0,172,-0.5029485386158568,0,0
663,0,0,171,1,1.2739146763538856,0,0,496,-0.13322534515222276,1,2
664,0,2,167,1,0.46633351714562193,0,0,357,-0.4974960653257301,0,2
665,1,2,484,1,-0.7083299871573069,1,0,660,-0.4888542575852486,0,2
666,0,1,361,1,0.17266764106988972,2,0,621,0.8314778546749452,0,2
667,0,1,119,1,-0.34124764206264163,0,0,123,-0.3866707201133388,0,2
668,0,2,699,1,-0.14927553180409667,0,0,256,-0.4918744606632361,0,2
669,0,2,179,1,0.9802488002781533,0,0,529,-0.4863374216869257,0,2
670,1,0,802,0,0.686151844479249,1,0,99,0.39858208016340624,1,2
671,1,1,114,0,0.7599993932213541,1,1,240,0.13683114673782454,0,2
672,0,0,202,1,0.09925117205095665,1,0,569,0.39858208016340624,1,2
673,0,1,543,1,2.9624934637893454,0,0,550,-0.43700743807979686,0,2
674,1,1,864,1,0.09925117205095665,0,0,145,-0.3866707201133388,0,2
675,0,1,846,1,0.3933968274257805,0,0,138,-0.6484216535389205,0,2
676,0,2,231,1,-0.855162925195173,0,0,397,-0.4918744606632361,0,2
677,0,2,730,1,-0.37795587657210816,0,0,294,-0.4863374216869257,0,2
678,1,2,824,0,-0.855162925195173,0,0,493,-0.45026210265472455,0,2
679,0,2,302,0,0.9802488002781533,1,6,566,0.2958951755118318,0,2
680,1,0,137,1,0.46633351714562193,0,1,608,9.667166525013505,1,0
681,0,2,655,0,-0.4684483821160044,0,0,281,-0.48457563655809965,0,1
682,1,0,345,1,-0.19441470402477554,0,0,587,0.8964967865378598,1,0
683,0,2,615,1,-0.7083299871573069,0,0,500,-0.4626791642426904,0,2
684,0,2,301,1,-1.1488288012709051,5,2,566,0.2958951755118318,0,2
685,0,1,112,1,2.228328773600015,1,1,240,0.13683114673782454,0,2
686,0,1,457,1,-0.34124764206264163,1,2,634,0.18876253192945994,0,0
687,0,2,632,1,-1.1488288012709051,4,1,249,0.1506737441786005,0,2
688,0,2,194,1,-0.78174645617624,0,0,372,-0.44363577710162005,0,2
689,0,2,247,1,-0.855162925195173,0,0,403,-0.49145565916975514,0,2
690,1,0,498,0,-1.0754123322519722,0,1,141,3.6067927997556075,1,2
691,1,0,213,1,0.09925117205095665,1,0,89,0.49925551609632224,1,2
692,1,2,426,0,-1.8829934914602358,0,1,393,-0.37828059596268965,0,0
693,1,2,452,1,-0.006527159977442229,0,0,80,0.48910360681684706,0,2
694,0,2,713,1,-0.34124764206264163,0,0,200,-0.5029485386158568,0,0
695,0,0,850,1,2.228328773600015,0,0,48,-0.11384570873513637,0,2
696,0,1,153,1,1.6409970214485508,0,0,156,-0.3766033765200472,0,2
697,0,2,433,1,1.0536652692970863,0,0,425,-0.4863374216869257,0,2
698,1,2,565,0,-0.7255016251264286,0,0,419,-0.49271407711891657,0,1
699,0,0,803,1,1.4207476143917515,1,1,83,1.5841789061771412,1,0
700,0,2,382,1,0.9068323312592202,0,0,346,-0.494391296561559,1,2
701,1,0,45,0,-0.855162925195173,1,0,610,3.9327230485884233,1,0
702,1,0,743,1,0.3929170481266889,0,0,579,-0.11913106412161445,1,2
703,0,2,63,0,-0.855162925195173,0,1,211,-0.3573908580066095,0,0
704,0,2,275,1,-0.34124764206264163,0,0,449,-0.4925449457465493,0,1
705,0,2,326,1,-0.26783117304370857,1,0,398,-0.4902797934380587,0,2
706,0,1,556,1,0.6865829242024211,0,0,170,-0.12491978668775715,0,2
707,1,1,434,0,1.1270817383160194,0,0,108,-0.3766033765200472,0,2
708,1,0,126,1,0.9068323312592202,0,0,580,-0.11913106412161445,1,2
709,1,0,163,0,-0.5614970491194408,0,0,37,2.4029901895877646,0,2
710,1,2,561,1,-0.846200976822032,1,1,189,-0.3414522396297103,0,0
711,1,0,514,0,-0.4146641110815747,0,0,582,0.3483299278831318,1,0
712,0,0,443,1,1.4930326872704698,0,0,19,-0.11384570873513637,1,2
713,1,0,801,1,1.3473311453728185,1,0,99,0.39858208016340624,1,2
714,0,2,459,1,-0.04758176598690945,0,0,506,-0.457478374542396,0,2
715,0,1,307,1,1.6409970214485508,0,0,164,-0.3866707201133388,0,2
716,0,2,773,1,-0.78174645617624,0,0,348,-0.494391296561559,1,2
717,1,0,241,0,0.613166455183488,0,0,610,3.9327230485884233,1,0
718,1,1,822,0,-0.19441470402477554,0,0,293,-0.43700743807979686,1,2
719,0,2,520,1,-0.18247634129023246,0,0,440,-0.3363340021468808,0,1
720,0,2,410,1,0.24608411008882275,0,0,319,-0.4918744606632361,0,2
721,1,1,331,0,-1.7361605534223696,0,1,155,0.016023023618325298,0,2
722,0,2,399,1,-0.9285793942141061,1,0,408,-0.5063875431873253,0,2
723,0,1,286,1,0.3195005791077558,0,0,65,-0.3866707201133388,0,2
724,0,1,368,1,1.4941640834106846,0,0,161,-0.3866707201133388,0,2
725,1,0,151,1,-0.19441470402477554,1,0,51,0.4207302360686478,1,2
726,0,2,617,1,-0.7083299871573069,0,0,266,-0.47400492578514347,0,2
727,1,1,677,0,0.025834703032023607,3,0,252,-0.22559322262067316,0,2
728,1,2,507,0,-0.7255016251264286,0,0,451,-0.4926295114327329,0,1
729,0,1,115,1,-0.34124764206264163,1,0,127,-0.12491978668775715,0,2
730,0,2,387,0,-0.34124764206264163,1,0,667,-0.4888542575852486,0,2
731,1,0,14,0,-0.04758176598690945,0,0,141,3.6067927997556075,1,2
732,0,2,346,1,-1.3690782083277044,0,0,216,-0.2701412180209885,0,0
733,0,1,445,1,0.3933968274257805,0,0,137,-0.6484216535389205,0,2
734,0,1,84,1,-0.48808058010050775,0,0,228,-0.3866707201133388,0,2
735,0,1,820,1,-0.48808058010050775,0,0,119,-0.3866707201133388,0,2
736,0,2,869,1,-0.08429000049637597,0,0,495,-0.32425318983493084,0,2
737,0,2,256,0,1.3473311453728185,1,3,676,0.04370821849987721,0,2
738,1,0,476,1,0.3929170481266889,0,0,608,9.667166525013505,1,0
739,0,2,389,1,-0.1321591105287317,0,0,349,-0.4894421904510968,0,2
740,0,2,574,1,-0.1321591105287317,0,0,364,-0.4894421904510968,0,2
741,1,0,347,1,0.6529365192957879,0,0,82,-0.04438103794142432,1,2
742,0,0,148,1,0.46633351714562193,1,0,91,0.9391984311231651,1,2
743,1,0,711,0,-0.6349135181383738,2,2,602,4.634416897040849,1,0
744,0,2,526,1,-0.4146641110815747,1,0,477,-0.32425318983493084,0,2
745,1,2,788,1,0.09925117205095665,0,0,662,-0.4888542575852486,0,2
746,0,0,187,1,2.9624934637893454,1,1,680,0.7811411367084872,1,2
747,0,2,1,1,-1.001995863233039,1,1,551,-0.24069423801061057,0,2
748,1,1,748,0,0.025834703032023607,0,0,165,-0.3866707201133388,0,2
749,0,0,511,1,-0.78174645617624,1,0,35,0.4207302360686478,1,2
750,0,2,176,1,0.09925117205095665,0,0,287,-0.49237782784290063,0,1
751,1,1,852,0,-1.8829934914602358,1,1,234,-0.18532384824750675,0,2
752,1,2,549,1,-1.7361605534223696,0,1,486,-0.397241430886295,1,2
753,0,2,833,1,0.24608411008882275,0,0,312,-0.45714212526638004,0,2
754,0,2,415,1,-0.48808058010050775,0,0,351,-0.4894421904510968,0,2
755,1,1,358,0,1.3473311453728185,1,2,106,0.6603330135889879,0,2
756,1,1,321,1,-2.1274703332932825,1,1,166,-0.35646868933346404,0,2
757,0,2,138,1,-0.12099823500584249,0,0,404,-0.49145565916975514,0,2
758,0,1,58,1,-0.855162925195173,0,0,238,-0.41687275089321363,0,2
759,0,2,806,1,0.3195005791077558,0,0,424,-0.4863374216869257,0,2
760,1,0,704,0,0.24608411008882275,0,0,0,1.093228788100527,1,2
761,0,2,276,1,-0.36781234257044204,0,0,420,-0.35646868933346404,0,2
762,0,2,591,1,0.8334158622402872,0,0,646,-0.5049620073345151,0,2
763,1,2,62,1,-0.7083299871573069,0,0,191,-0.5028639729296732,0,0
764,1,0,146,0,0.46633351714562193,1,2,33,1.7677408088510642,1,2
765,0,2,233,1,-1.001995863233039,0,0,327,-0.4918744606632361,0,2
766,1,0,369,0,1.5675805524296176,1,0,71,0.921244330558889,1,2
767,0,0,109,1,0.7096369190821825,0,0,18,0.1489119590497745,0,0
768,0,2,506,0,0.06254293754149012,0,0,436,-0.49237782784290063,0,1
769,0,2,553,1,0.2675518655118644,1,0,469,-0.1621689579829361,0,1
770,0,2,309,1,0.17266764106988972,0,0,511,-0.4800453319411184,0,2
771,0,2,480,1,-0.4146641110815747,0,0,313,-0.45714212526638004,0,2
772,0,2,398,1,1.3473311453728185,0,0,407,-0.4902797934380587,0,2
773,0,1,496,0,2.008079366543216,0,0,619,-0.43700743807979686,1,2
774,0,2,235,1,-0.018567248303348653,0,0,201,-0.5029485386158568,0,0
775,1,1,367,0,1.7878299594864169,1,3,236,-0.18532384824750675,0,2
776,0,2,569,1,-0.855162925195173,0,0,330,-0.49237782784290063,0,2
777,0,2,812,1,0.4221131225348746,0,0,481,-0.49237782784290063,1,1
778,1,2,239,0,-1.8095770224413026,0,0,432,-0.397241430886295,0,2
779,0,2,438,1,-0.7255016251264286,0,0,450,-0.4926295114327329,0,1
780,1,0,694,0,0.9802488002781533,0,1,141,3.6067927997556075,1,2
781,1,2,50,0,-1.2222452702898383,0,0,208,-0.5028639729296732,0,0
782,1,0,214,0,-0.9285793942141061,1,0,89,0.49925551609632224,1,2
783,0,0,489,1,-0.04758176598690945,0,0,26,-0.04438103794142432,1,2
784,0,2,414,1,-0.9588819544011125,1,2,675,-0.17626323901354432,0,2
785,0,2,13,1,-0.34124764206264163,0,0,643,-0.5064721088735089,0,2
786,0,2,330,1,-0.34124764206264163,0,0,474,-0.5024451714361923,0,2
787,1,2,753,0,-0.855162925195173,0,0,243,-0.4974960653257301,0,2
788,0,2,683,1,-1.5893276153845035,4,1,480,-0.06199888922968463,0,1
789,1,2,208,1,-2.103242898517035,1,2,548,-0.23415046467497105,0,2
790,0,0,310,1,1.2004982073349524,0,0,592,0.9462455716384695,1,0
791,0,2,429,1,0.4221131225348746,0,0,66,-0.49237782784290063,0,1
792,0,1,278,1,-1.001995863233039,0,0,139,-0.12491978668775715,0,2
793,0,2,719,0,-1.373340770637745,8,2,568,0.7519458402879414,0,2
794,0,0,380,1,1.544600906291494,0,0,597,-0.030371322596999754,0,0
795,0,2,201,1,-0.34124764206264163,0,0,350,-0.4894421904510968,0,2
796,0,1,621,1,0.6865829242024211,0,0,223,-0.3866707201133388,0,2
797,1,0,462,0,1.4207476143917515,0,0,87,-0.1263453225405672,1,2
798,1,2,619,0,0.09925117205095665,0,0,383,-0.4735861242916626,0,2
799,0,2,384,1,0.025834703032023607,0,0,206,-0.5028639729296732,0,0
800,0,2,831,0,0.025834703032023607,1,1,307,-0.1621689579829361,0,2
801,0,1,666,1,0.3195005791077558,0,0,164,-0.3866707201133388,0,2
802,1,1,174,0,0.09925117205095665,1,1,556,-0.11988611489111134,0,2
803,1,0,142,1,-1.3690782083277044,1,2,33,1.7677408088510642,1,2
804,1,2,807,1,-2.145824450548016,0,1,174,-0.47694056317694733,0,0
805,1,2,351,1,-0.19441470402477554,0,0,338,-0.5079822104125026,0,2
806,0,2,406,1,0.09925117205095665,0,0,320,-0.4918744606632361,0,2
807,0,0,34,1,0.6865829242024211,0,0,12,-0.6484216535389205,1,2
808,0,2,660,0,-0.855162925195173,0,0,336,-0.4918744606632361,0,2
809,0,1,534,1,0.6865829242024211,0,0,154,-0.3866707201133388,0,2
810,1,0,152,0,0.24608411008882275,1,0,51,0.4207302360686478,1,2
811,0,2,10,1,-0.26783117304370857,0,0,339,-0.4896093083547455,0,2
812,0,2,475,1,0.6865829242024211,0,0,519,-0.1621689579829361,0,2
813,0,1,763,1,0.3929170481266889,0,0,222,-0.43700743807979686,0,2
814,0,2,23,0,-1.7361605534223696,4,2,333,-0.01870931177853076,0,2
815,0,2,814,1,0.06254293754149012,0,0,427,-0.4863374216869257,0,2
816,0,0,269,1,0.679969877488501,0,0,15,-0.6484216535389205,1,2
817,0,2,354,0,-0.48808058010050775,0,0,671,-0.4888542575852486,0,2
818,0,1,504,1,0.09925117205095665,1,1,618,0.09664633805084172,0,0
819,0,2,371,1,0.9802488002781533,0,0,543,-0.5185529211854588,0,2
820,0,2,756,1,-1.4424946773466374,3,2,337,-0.08666388103324908,0,2
821,1,0,349,0,1.6409970214485508,1,1,67,1.2341715984066093,1,2
822,1,2,493,1,-0.19441470402477554,0,0,269,-0.47400492578514347,0,2
823,0,0,678,1,0.613166455183488,0,0,97,-0.6484216535389205,0,2
824,1,2,550,0,-0.19441470402477554,0,1,486,-0.397241430886295,1,2
825,0,2,630,1,-2.029826429498102,4,1,249,0.1506737441786005,0,2
826,0,2,250,1,0.40977240471572474,0,0,448,-0.5084855775921673,0,1
827,0,2,453,1,-0.006527159977442229,0,0,80,0.48910360681684706,0,2
828,1,1,503,1,-2.103242898517035,0,2,618,0.09664633805084172,0,0
829,1,2,516,1,0.4221131225348746,0,0,442,-0.49237782784290063,0,1
830,1,0,785,0,2.3751617116378814,0,0,32,0.962353321387736,1,2
831,1,2,876,0,-1.0754123322519722,1,0,188,-0.3573908580066095,0,0
832,1,1,686,1,-2.1157236982502536,1,1,237,-0.2708962687904854,0,2
833,0,2,712,1,-0.5034964193412496,0,0,199,-0.5028639729296732,0,0
834,0,2,49,1,-0.48808058010050775,0,0,342,-0.4902797934380587,0,2
835,0,2,19,1,-0.855162925195173,0,0,107,-0.48130374989027985,0,2
836,1,0,175,0,0.6865829242024211,1,1,609,1.0259447039291216,1,0
837,0,2,638,1,-0.6349135181383738,0,0,268,-0.47400492578514347,0,2
838,0,2,750,1,0.07725570924460567,0,0,485,-0.4863374216869257,0,2
839,1,2,158,1,0.17266764106988972,0,0,80,0.48910360681684706,0,2
840,1,0,508,1,1.529531272886258,0,0,62,-0.05042144409739929,1,0
841,0,2,11,1,-0.7083299871573069,0,0,647,-0.4888542575852486,0,2
842,0,1,564,1,-1.001995863233039,0,0,619,-0.43700743807979686,0,2
843,1,0,734,0,0.025834703032023607,0,0,47,-0.024246350754841113,0,0
844,0,2,471,1,0.35620881361722234,0,0,205,-0.5188046047752911,0,0
845,0,2,189,1,-0.9285793942141061,0,0,264,-0.47400492578514347,0,2
846,0,2,0,1,0.9068323312592202,0,0,563,-0.49640476528021726,0,2
847,0,2,720,1,-1.373340770637745,8,2,568,0.7519458402879414,0,2
848,0,2,509,1,0.3929170481266889,0,0,359,-0.4894421904510968,0,0
849,0,1,334,1,-0.12099823500584249,0,1,155,0.016023023618325298,0,2
850,1,0,291,0,1.0232800281818766,1,0,84,1.145663540471827,1,0
851,0,2,22,1,-1.8829934914602358,4,2,333,-0.01870931177853076,0,2
852,0,2,795,1,3.2561593398650777,0,0,317,-0.4918744606632361,0,2
853,0,2,97,0,-1.5159111463655706,1,1,203,-0.3414522396297103,0,0
854,1,0,485,0,-1.001995863233039,0,1,591,0.14488502161245778,1,2
855,0,1,145,0,1.0536652692970863,1,0,144,-0.12491978668775715,0,2
856,1,2,8,0,-0.855162925195173,0,1,484,-0.4601623283443675,0,2
857,1,0,860,0,1.1270817383160194,1,1,453,2.671117778445337,0,2
858,1,0,196,1,1.5675805524296176,0,0,23,-0.11384570873513637,1,2
859,1,2,56,0,-0.4146641110815747,0,3,194,-0.26066180729354516,0,0
860,0,2,672,1,-0.5034964193412496,0,0,178,-0.5028639729296732,0,0
861,0,2,325,1,0.8334158622402872,2,0,399,-0.36435544630444866,0,2
862,0,1,283,1,-0.6349135181383738,1,0,221,-0.41687275089321363,0,2
863,1,0,797,0,1.3473311453728185,0,0,88,-0.1263453225405672,1,2
864,0,2,718,0,-1.373340770637745,8,2,568,0.7519458402879414,0,2
865,0,1,285,1,-0.4146641110815747,0,0,120,-0.3866707201133388,0,2
866,1,1,122,0,0.9068323312592202,0,0,126,-0.3866707201133388,0,2
867,1,1,230,0,-0.19441470402477554,1,0,632,-0.3693891181010945,0,0
868,0,0,696,1,0.09925117205095665,0,0,590,0.3682954836973478,1,2
869,0,2,890,1,-0.2685579087662268,0,0,309,-0.45714212526638004,0,2
870,1,2,407,1,-1.8829934914602358,1,1,344,-0.4242561406845337,0,2
871,0,2,59,1,-0.26783117304370857,0,0,387,-0.4894421904510968,0,2
872,1,0,79,0,1.2739146763538856,1,1,54,0.40974072380221066,1,2
873,0,0,139,1,0.24608411008882275,0,0,502,-0.5477482176060045,1,2
874,0,2,836,1,1.2739146763538856,0,0,303,-0.46720946885967163,0,2
875,1,1,4,0,-0.12099823500584249,1,0,575,-0.16518916106092355,0,0
876,1,2,571,0,-1.0754123322519722,0,0,195,-0.5029485386158568,0,0
877,0,2,311,1,-0.7083299871573069,0,0,504,-0.45017955043725955,0,2
878,0,2,657,1,-0.78174645617624,0,0,358,-0.4894421904510968,0,2
879,0,2,451,1,-0.1321591105287317,0,0,363,-0.4894421904510968,0,2
880,1,0,668,0,1.934662897524283,0,1,59,1.0259447039291216,1,0
881,1,1,739,0,-0.34124764206264163,0,1,115,-0.12491978668775715,0,2
882,0,2,510,1,0.24608411008882275,0,0,394,-0.4894421904510968,0,2
883,0,2,193,0,-0.5614970491194408,0,0,508,-0.4366711888037809,0,2
884,0,1,61,1,-0.12099823500584249,0,0,565,-0.43700743807979686,0,2
885,0,2,793,1,-0.34124764206264163,0,0,650,-0.5064721088735089,0,2
886,0,2,684,0,0.6865829242024211,0,5,480,-0.06199888922968463,0,1
887,0,1,548,1,-0.19441470402477554,0,0,101,-0.3866707201133388,0,2
888,1,0,303,0,-0.78174645617624,0,0,14,-0.04438103794142432,1,2
889,0,2,413,0,-0.9588819544011125,1,2,675,-0.17626323901354432,0,2
890,1,0,81,1,-0.26783117304370857,0,0,8,-0.04438103794142432,1,0
891,0,2,220,1,0.17266764106988972,0,0,466,-0.49237782784290063,0,1
